	{
		"name": "Global Information",
		"numberOfRequests": {
			"total": 1000,
			"ok": 1000,
			"ko": 0
		},
		"minResponseTime": {
			"total": 60,
			"ok": 60,
			"ko": -1
		},
		"maxResponseTime": {
			"total": 382530,
			"ok": 382530,
			"ko": -1
		},
		"meanResponseTime": {
			"total": 47180,
			"ok": 47180,
			"ko": -1
		},
		"standardDeviation": {
			"total": 0,
			"ok": 0,
			"ko": -1
		},
		"percentiles1": {
			"total": 133330,
			"ok": 133330,
			"ko": -1
		},
		"percentiles2": {
			"total": 257100,
			"ok": 257100,
			"ko": -1
		},
		"group1": {
			"name": "t < 800 ms",
			"count": 80,
			"percentage": 8
		},
		"group2": {
			"name": "800 ms < t < 1200 ms",
			"count": 4,
			"percentage": 0
		},
		"group3": {
			"name": "t > 1200 ms",
			"count": 916,
			"percentage": 91
		},
		"group4": {
			"name": "failed",
			"count": 0,
			"percentage": 0
		},
		"meanNumberOfRequestsPerSecond": {
			"total": 0,
			"ok": 0,
			"ko": -1
		}
	}