	{
		"name": "Global Information",
		"numberOfRequests": {
			"total": 250,
			"ok": 250,
			"ko": 0
		},
		"minResponseTime": {
			"total": 3420,
			"ok": 3420,
			"ko": -1
		},
		"maxResponseTime": {
			"total": 33760,
			"ok": 33760,
			"ko": -1
		},
		"meanResponseTime": {
			"total": 14246,
			"ok": 14246,
			"ko": -1
		},
		"standardDeviation": {
			"total": 5463,
			"ok": 5463,
			"ko": -1
		},
		"percentiles1": {
			"total": 23670,
			"ok": 23670,
			"ko": -1
		},
		"percentiles2": {
			"total": 28480,
			"ok": 28480,
			"ko": -1
		},
		"group1": {
			"name": "t < 800 ms",
			"count": 0,
			"percentage": 0
		},
		"group2": {
			"name": "800 ms < t < 1200 ms",
			"count": 0,
			"percentage": 0
		},
		"group3": {
			"name": "t > 1200 ms",
			"count": 250,
			"percentage": 100
		},
		"group4": {
			"name": "failed",
			"count": 0,
			"percentage": 0
		},
		"meanNumberOfRequestsPerSecond": {
			"total": 2,
			"ok": 2,
			"ko": -1
		}
	}