	{
		"name": "Global Information",
		"numberOfRequests": {
			"total": 610,
			"ok": 610,
			"ko": 0
		},
		"minResponseTime": {
			"total": 60,
			"ok": 60,
			"ko": -1
		},
		"maxResponseTime": {
			"total": 16710,
			"ok": 16710,
			"ko": -1
		},
		"meanResponseTime": {
			"total": 2180,
			"ok": 2180,
			"ko": -1
		},
		"standardDeviation": {
			"total": 4188,
			"ok": 4188,
			"ko": -1
		},
		"percentiles1": {
			"total": 11600,
			"ok": 11600,
			"ko": -1
		},
		"percentiles2": {
			"total": 15030,
			"ok": 15030,
			"ko": -1
		},
		"group1": {
			"name": "t < 800 ms",
			"count": 485,
			"percentage": 79
		},
		"group2": {
			"name": "800 ms < t < 1200 ms",
			"count": 14,
			"percentage": 2
		},
		"group3": {
			"name": "t > 1200 ms",
			"count": 111,
			"percentage": 18
		},
		"group4": {
			"name": "failed",
			"count": 0,
			"percentage": 0
		},
		"meanNumberOfRequestsPerSecond": {
			"total": 5,
			"ok": 5,
			"ko": -1
		}
	}