	{
		"name": "Global Information",
		"numberOfRequests": {
			"total": 250,
			"ok": 250,
			"ko": 0
		},
		"minResponseTime": {
			"total": 8710,
			"ok": 8710,
			"ko": -1
		},
		"maxResponseTime": {
			"total": 80310,
			"ok": 80310,
			"ko": -1
		},
		"meanResponseTime": {
			"total": 35840,
			"ok": 35840,
			"ko": -1
		},
		"standardDeviation": {
			"total": 0,
			"ok": 0,
			"ko": -1
		},
		"percentiles1": {
			"total": 56260,
			"ok": 56260,
			"ko": -1
		},
		"percentiles2": {
			"total": 68690,
			"ok": 68690,
			"ko": -1
		},
		"group1": {
			"name": "t < 800 ms",
			"count": 0,
			"percentage": 0
		},
		"group2": {
			"name": "800 ms < t < 1200 ms",
			"count": 0,
			"percentage": 0
		},
		"group3": {
			"name": "t > 1200 ms",
			"count": 250,
			"percentage": 100
		},
		"group4": {
			"name": "failed",
			"count": 0,
			"percentage": 0
		},
		"meanNumberOfRequestsPerSecond": {
			"total": 1,
			"ok": 1,
			"ko": -1
		}
	}