	{
		"name": "Global Information",
		"numberOfRequests": {
			"total": 100,
			"ok": 100,
			"ko": 0
		},
		"minResponseTime": {
			"total": 90850,
			"ok": 90850,
			"ko": -1
		},
		"maxResponseTime": {
			"total": 114090,
			"ok": 114090,
			"ko": -1
		},
		"meanResponseTime": {
			"total": 110111,
			"ok": 110111,
			"ko": -1
		},
		"standardDeviation": {
			"total": 0,
			"ok": 0,
			"ko": -1
		},
		"percentiles1": {
			"total": 113380,
			"ok": 113380,
			"ko": -1
		},
		"percentiles2": {
			"total": 114010,
			"ok": 114010,
			"ko": -1
		},
		"group1": {
			"name": "t < 800 ms",
			"count": 0,
			"percentage": 0
		},
		"group2": {
			"name": "800 ms < t < 1200 ms",
			"count": 0,
			"percentage": 0
		},
		"group3": {
			"name": "t > 1200 ms",
			"count": 100,
			"percentage": 100
		},
		"group4": {
			"name": "failed",
			"count": 0,
			"percentage": 0
		},
		"meanNumberOfRequestsPerSecond": {
			"total": 0,
			"ok": 0,
			"ko": -1
		}
	}