	{
		"name": "Global Information",
		"numberOfRequests": {
			"total": 1000,
			"ok": 999,
			"ko": 1
		},
		"minResponseTime": {
			"total": 24790,
			"ok": 42220,
			"ko": 24790
		},
		"maxResponseTime": {
			"total": 1112080,
			"ok": 1112080,
			"ko": 24790
		},
		"meanResponseTime": {
			"total": 105344,
			"ok": 105425,
			"ko": 24790
		},
		"standardDeviation": {
			"total": 0,
			"ok": 0,
			"ko": 0
		},
		"percentiles1": {
			"total": 116530,
			"ok": 116530,
			"ko": 24790
		},
		"percentiles2": {
			"total": 124050,
			"ok": 124050,
			"ko": 24790
		},
		"group1": {
			"name": "t < 800 ms",
			"count": 0,
			"percentage": 0
		},
		"group2": {
			"name": "800 ms < t < 1200 ms",
			"count": 0,
			"percentage": 0
		},
		"group3": {
			"name": "t > 1200 ms",
			"count": 999,
			"percentage": 99
		},
		"group4": {
			"name": "failed",
			"count": 1,
			"percentage": 0
		},
		"meanNumberOfRequestsPerSecond": {
			"total": 0,
			"ok": 0,
			"ko": 0
		}
	}