	{
		"name": "Global Information",
		"numberOfRequests": {
			"total": 100,
			"ok": 100,
			"ko": 0
		},
		"minResponseTime": {
			"total": 1048900,
			"ok": 1048900,
			"ko": -1
		},
		"maxResponseTime": {
			"total": 1103960,
			"ok": 1103960,
			"ko": -1
		},
		"meanResponseTime": {
			"total": 1093231,
			"ok": 1093231,
			"ko": -1
		},
		"standardDeviation": {
			"total": 0,
			"ok": 0,
			"ko": -1
		},
		"percentiles1": {
			"total": 1102930,
			"ok": 1102930,
			"ko": -1
		},
		"percentiles2": {
			"total": 1103740,
			"ok": 1103740,
			"ko": -1
		},
		"group1": {
			"name": "t < 800 ms",
			"count": 0,
			"percentage": 0
		},
		"group2": {
			"name": "800 ms < t < 1200 ms",
			"count": 0,
			"percentage": 0
		},
		"group3": {
			"name": "t > 1200 ms",
			"count": 100,
			"percentage": 100
		},
		"group4": {
			"name": "failed",
			"count": 0,
			"percentage": 0
		},
		"meanNumberOfRequestsPerSecond": {
			"total": 0,
			"ok": 0,
			"ko": -1
		}
	}