	{
		"name": "Global Information",
		"numberOfRequests": {
			"total": 610,
			"ok": 610,
			"ko": 0
		},
		"minResponseTime": {
			"total": 60,
			"ok": 60,
			"ko": -1
		},
		"maxResponseTime": {
			"total": 15570,
			"ok": 15570,
			"ko": -1
		},
		"meanResponseTime": {
			"total": 2065,
			"ok": 2065,
			"ko": -1
		},
		"standardDeviation": {
			"total": 4008,
			"ok": 4008,
			"ko": -1
		},
		"percentiles1": {
			"total": 10650,
			"ok": 10650,
			"ko": -1
		},
		"percentiles2": {
			"total": 14260,
			"ok": 14260,
			"ko": -1
		},
		"group1": {
			"name": "t < 800 ms",
			"count": 488,
			"percentage": 80
		},
		"group2": {
			"name": "800 ms < t < 1200 ms",
			"count": 12,
			"percentage": 1
		},
		"group3": {
			"name": "t > 1200 ms",
			"count": 110,
			"percentage": 18
		},
		"group4": {
			"name": "failed",
			"count": 0,
			"percentage": 0
		},
		"meanNumberOfRequestsPerSecond": {
			"total": 5,
			"ok": 5,
			"ko": -1
		}
	}