	{
		"name": "Global Information",
		"numberOfRequests": {
			"total": 610,
			"ok": 610,
			"ko": 0
		},
		"minResponseTime": {
			"total": 60,
			"ok": 60,
			"ko": -1
		},
		"maxResponseTime": {
			"total": 1360,
			"ok": 1360,
			"ko": -1
		},
		"meanResponseTime": {
			"total": 171,
			"ok": 171,
			"ko": -1
		},
		"standardDeviation": {
			"total": 149,
			"ok": 149,
			"ko": -1
		},
		"percentiles1": {
			"total": 430,
			"ok": 430,
			"ko": -1
		},
		"percentiles2": {
			"total": 740,
			"ok": 740,
			"ko": -1
		},
		"group1": {
			"name": "t < 800 ms",
			"count": 605,
			"percentage": 99
		},
		"group2": {
			"name": "800 ms < t < 1200 ms",
			"count": 4,
			"percentage": 0
		},
		"group3": {
			"name": "t > 1200 ms",
			"count": 1,
			"percentage": 0
		},
		"group4": {
			"name": "failed",
			"count": 0,
			"percentage": 0
		},
		"meanNumberOfRequestsPerSecond": {
			"total": 18,
			"ok": 18,
			"ko": -1
		}
	}